original_name	original_code
Mi Círculo no está en la lista	IP000000001
En mi municipio no hay Círculo, pero estoy dispuesto/a a constituirlo	IP000000002
Andalucía - Córdoba - Centro	TB011402101
Andalucía - Córdoba - Santa Cruz	TB011402102
Andalucía - Córdoba - Poniente	TB011402103
Andalucía - Córdoba - Este	TB011402104
Andalucía - Granada - Círculo Granada Norte	TB011808701
Andalucía - Granada - Podemos Zaidín	TB011808702
Andalucía - Granada - Podemos Albayzín	TB011808703
Andalucía - Granada - Granada Centro Ronda	TB011808704
Andalucía - Granada - Granada Realejo	TB011808705
Andalucía - Jaén - Círculo Podemos Peñamefécit (Jaén)	TB012305002
Andalucía - Jaén - Círculo Barrial Casco Antiguo de Jaén	TB012305003
Andalucía - Málaga - Círculo Distrito 6 Cruz de Humilladero - Carranque	TB012906701
Andalucía - Málaga - Círculo Podemos Distrito 3-Ciudad Jardín	TB012906702
Andalucía - Málaga - Círculo Podemos Distrito 1-Centro	TB012906703
Andalucía - Málaga - Círculo Podemos Málaga Este - El Palo	TB012906704
Andalucía - Málaga - Círculo Distrito 7- Avenida Velázquez	TB012906705
Andalucía - Málaga - Círculo Distrito 9 - Campanillas	TB012906706
Andalucía - Málaga - Círculo Distrito 5	TB012906707
Andalucía - Málaga - Círculo Distrito 4-Bailén Miraflores	TB012906708
Andalucía - Málaga - Círculo Distrito 10	TB012906709
Andalucía - Málaga - Círculo Distrito 8 - Churriana	TB012906710
Andalucía - Marbella - Círculo Podemos San Pedro de Alcántara	TB012906901
Andalucía - Mijas - Círculo Podemos Cala Mijas	TB012907001
Andalucía - Dos Hermanas - Centro	TB014103801
Andalucía - Dos Hermanas - Cantalgallo	TB014103802
Andalucía - Dos Hermanas - Sur	TB014103803
Andalucía - Dos Hermanas - Montequinto	TB014103804
Andalucía - Dos Hermanas - Las Portadas La Motilla	TB014103805
Andalucía - Dos Hermanas - La Moneda	TB014103806
Andalucía - Dos Hermanas - Vistazul	TB014103807
Andalucía - Sevilla - Sevilla Este	TB014109101
Andalucía - Sevilla - Bermejales	TB014109102
Andalucía - Sevilla - Bellavista	TB014109103
Andalucía - Sevilla - Cerro-Amate	TB014109104
Andalucía - Sevilla - Nervión San Pablo-Santa Justa	TB014109105
Andalucía - Sevilla - Macarena	TB014109106
Andalucía - Sevilla - Parque Alcosa	TB014109107
Andalucía - Sevilla - Distrito Sur	TB014109108
Andalucía - Sevilla - Distrito Norte	TB014109109
Andalucía - Sevilla - Triana-Los Remedios	TB014109110
Andalucía - Sevilla - Casco Antiguo	TB014109111
Andalucía - Sevilla - San Jerónimo	TB014109112
Andalucía - Macael - Podemos Valle del Almanzora	TC010400001
Andalucía - El Bosque - Círculo Sierra de Cádiz	TC011101101
Andalucía - Almería - Podemos Almería	TM010401301
Andalucía - Carboneras - Podemos Carboneras	TM010403201
Andalucía - Huércal de Almería - Huércal de Almería	TM010405201
Andalucía - Mojácar - Podemos Mojacar	TM010406401
Andalucía - Níjar - Podemos Níjar	TM010406601
Andalucía - Pechina - Podemos Pechina	TM010407401
Andalucía - Roquetas de Mar - Podemos Roquetas de Mar	TM010407901
Andalucía - Vélez-Rubio - Podemos Vélez-Rubio	TM010409901
Andalucía - Vera - Podemos Vera	TM010410001
Andalucía - Vícar - Podemos Vícar	TM010410201
Andalucía - El Ejido - Podemos El-Ejido	TM010490201
Andalucía - El Puerto de Santa María - Círculo de El Puerto de Santa María	TM011100001
Andalucía - Algeciras - Círculo de Algeciras	TM011100401
Andalucía - Arcos de la Frontera - Círculo de Arcos de la Frontera	TM011100601
Andalucía - Los Barrios - Círculo Los Barrios	TM011100802
Andalucía - Cádiz - Círculo de Cádiz	TM011101201
Andalucía - Conil de la Frontera - Círculo de Conil de la Frontera	TM011101401
Andalucía - Chiclana de la Frontera - Círculo de Chiclana de la Frontera	TM011101501
Andalucía - Espera - Círculo de Espera	TM011101701
Andalucía - Jerez - Círculo de Jerez	TM011102002
Andalucía - Jimena de la Frontera - Círculo de Jimena	TM011102101
Andalucía - La Línea de la Concepción - Círculo La Línea de la Concepción	TM011102201
Andalucía - Puerto Real - Círculo de Puerto Real	TM011102801
Andalucía - Rota - Círculo de Rota	TM011103001
Andalucía - San Fernando - Círculo de San Fernando	TM011103101
Andalucía - Sanlúcar de Barrameda - Círculo de Sanlúcar de Barrameda	TM011103202
Andalucía - San Roque - Círculo de San Roque	TM011103301
Andalucía - Tarifa - Círculo de Tarifa	TM011103501
Andalucía - Trebujena - Círculo de Trebujena	TM011103701
Andalucía - Vejer de la Frontera - Podemos Vejer	TM011103901
Andalucía - Almodóvar del Río - Almodóvar del Río	TM011400501
Andalucía - La Carlota - La Carlota	TM011401701
Andalucía - Castro del Río - Castro del Río	TM011401901
Andalucía - Córdoba - Norte	TM011402101
Andalucía - Córdoba - Sur	TM011402102
Andalucía - Espejo - Espejo	TM011402501
Andalucía - Fernán-Núñez - Fernán Núñez	TM011402701
Andalucía - Fuente Palmera - Fuente Palmera	TM011403001
Andalucía - Lucena - Lucena	TM011403801
Andalucía - Montilla - Montilla	TM011404201
Andalucía - Palma del Río - Palma del Río	TM011404901
Andalucía - Priego de Córdoba - Priego de Córdoba	TM011405501
Andalucía - Puente Genil - Puente Genil	TM011405601
Andalucía - Rute - Rute	TM011405801
Andalucía - Albolote - Círculo Albolote	TM011800301
Andalucía - Alfacar - Podemos Alfacar	TM011801101
Andalucía - Armilla - Podemos Armilla	TM011802101
Andalucía - Atarfe - Podemos Atarfe	TM011802201
Andalucía - Cájar - Círculo de Cájar	TM011803601
Andalucía - Cenes de la Vega - Podemos Cenes de la Vega	TM011804701
Andalucía - Cijuela - Podemos Cijuela	TM011804801
Andalucía - Cogollos de la Vega - Círculo Cogollos Vega	TM011805001
Andalucía - Chauchina - Círculo de Chauchina	TM011805901
Andalucía - Churriana de la Vega - Churriana de la Vega	TM011806201
Andalucía - Fuente Vaqueros - Podemos Fuente Vaqueros	TM011807901
Andalucía - Gójar - Podemos Gójar	TM011808401
Andalucía - Guadix - Podemos Guadix	TM011808901
Andalucía - Huéscar - Podemos Huéscar	TM011809801
Andalucía - Huétor Tájar - Círculo Podemos de Huétor Tájar	TM011810001
Andalucía - Huétor Vega - Podemos Huétor Vega	TM011810101
Andalucía - Iznalloz - Podemos Iznalloz	TM011810501
Andalucía - Maracena - Podemos Maracena	TM011812701
Andalucía - Motril - Podemos Motril	TM011814001
Andalucía - Nívar - Podemos Nívar	TM011814401
Andalucía - Ogíjares - Círculo Ogíjares	TM011814501
Andalucía - Otura - Podemos Otura	TM011814901
Andalucía - Padul - Podemos Padul	TM011815001
Andalucía - Pulianas - Podemos Pulianas	TM011816501
Andalucía - Salobreña - Salobreña	TM011817301
Andalucía - Las Gabias - Podemos Las Gabias	TM011890501
Andalucía - Vegas del Genil - Círculo Vegas del Genil	TM011891101
Andalucía - Almonte - Almonte	TM012100501
Andalucía - Aracena - Aracena	TM012100701
Andalucía - Ayamonte - Ayamonte	TM012101001
Andalucía - Huelva - Huelva	TM012104101
Andalucía - Isla Cristina - Isla Cristina	TM012104201
Andalucía - San Juan del Puerto - San Juan del Puerto	TM012106401
Andalucía - Valverde del Camino - Valverde del Camino	TM012107201
Andalucía - Zalamea la Real - Zalamea	TM012107801
Andalucía - Andújar - Círculo Municipal Podemos Andújar	TM012300501
Andalucía - Baeza - Círculo Municipal Podemos Baeza	TM012300901
Andalucía - Bailén - Círculo Municipal Podemos Bailén	TM012301001
Andalucía - La Carolina - Círculo Municipal Podemos La Carolina	TM012302401
Andalucía - Huelma - Círculo Municipal Podemos Huelma-Solera	TM012304401
Andalucía - Jaén - Círculo Municipal Podemos Jaén	TM012305001
Andalucía - Jódar - Círculo Municipal Podemos Jódar	TM012305301
Andalucía - Linares - Círculo Municipal Podemos Linares	TM012305501
Andalucía - Mancha Real - Círculo Municipal Podemos Mancha Real	TM012305801
Andalucía - Martos - Círculo Municipal Podemos Martos	TM012306001
Andalucía - Navas de San Juan - Círculo Municipal Podemos Navas de San Juan	TM012306301
Andalucía - Pegalajar - Círculo Municipal Podemos Pegalajar	TM012306701
Andalucía - Quesada - Círculo Municipal Podemos Quesada	TM012307301
Andalucía - Rus - Círculo Municipal Podemos Rus	TM012307401
Andalucía - Torredonjimeno - Círculo Podemos de Torredonjimeno	TM012308701
Andalucía - Torreperogil - Círculo Podemos Torreperogil	TM012308801
Andalucía - Úbeda - Círculo Municipal Podemos Úbeda	TM012309201
Andalucía - Villacarrillo - Círculo Municipal Podemos Villacarrillo	TM012309501
Andalucía - Alhaurín de la Torre - Podemos Alhaurín de la Torre	TM012900701
Andalucía - Alhaurín el Grande - Círculo Podemos Alhaurín el Grande	TM012900801
Andalucía - Arriate - Podemos Arriate en común	TM012902001
Andalucía - Benalmádena - Podemos Benalmádena	TM012902501
Andalucía - Estepona - Círculo Podemos Estepona	TM012905102
Andalucía - Fuengirola - Círculo Podemos Fuengirola	TM012905401
Andalucía - Torremolinos - Círculo Podemos Torremolinos	TM012906703
Andalucía - Cártama - Podemos Cártama	TM012906704
Andalucía - Marbella - Círculo Podemos Marbella	TM012906901
Andalucía - Nerja - Podemos Nerja-Maro	TM012907501
Andalucía - Rincón de la Victoria - Círculo Podemos Rincón de la Victoria	TM012908201
Andalucía - Ronda - Círculo Podemos Ronda	TM012908401
Andalucía - Vélez-Málaga - Podemos Vélez-Málaga	TM012909401
Andalucía - Alcalá de Guadaíra - Alcalá de Guadaíra	TM014100401
Andalucía - Alcalá del Río - Alcalá del Río	TM014100501
Andalucía - La Algaba - La Algaba	TM014100701
Andalucía - Almensilla - Almensilla	TM014101001
Andalucía - Bormujos - Bormujos	TM014101701
Andalucía - Brenes - Brenes	TM014101801
Andalucía - Las Cabezas de San Juan - Las Cabezas de San Juan	TM014102001
Andalucía - Camas - Camas	TM014102101
Andalucía - Carmona - Carmona	TM014102401
Andalucía - Castilleja de la Cuesta - Castilleja de la Cuesta	TM014102901
Andalucía - Coria del Río - Coria del Río	TM014103401
Andalucía - Écija - Écija	TM014103901
Andalucía - Espartinas - Espartinas	TM014104001
Andalucía - Estepa - Estepa	TM014104101
Andalucía - Gelves - Gelves	TM014104401
Andalucía - Gerena - Gerena	TM014104501
Andalucía - Gines - Gines	TM014104701
Andalucía - Guillena - Guillena	TM014104901
Andalucía - Mairena del Alcor - Mairena del Alcor	TM014105801
Andalucía - Mairena del Aljarafe - Mairena del Aljarafe	TM014105901
Andalucía - Marchena - Marchena	TM014106001
Andalucía - Morón de la Frontera - Morón de la Frontera	TM014106501
Andalucía - Osuna - Osuna	TM014106801
Andalucía - Los Palacios y Villafranca - Los Palacios y Villafranca	TM014106901
Andalucía - Palomares del Río - Palomares del Río	TM014107001
Andalucía - Pedrera - Pedrera	TM014107201
Andalucía - La Puebla de Cazalla - La Puebla de Cazalla	TM014107701
Andalucía - La Puebla del Río - La Puebla del Río	TM014107901
Andalucía - La Rinconada - La Rinconada	TM014108101
Andalucía - Salteras - Salteras	TM014108501
Andalucía - San Juan de Aznalfarache - San Juan de Aznalfarache	TM014108601
Andalucía - Tomares - Tomares	TM014109301
Andalucía - Umbrete - Umbrete	TM014109401
Andalucía - Utrera - Utrera	TM014109501
Andalucía - Valencina de la Concepción - Valencina de la Concepción	TM014109601
Andalucía - El Viso del Alcor - El Viso del Alcor	TM014110201
Aragón - Bajo Cinca - Bajo Cinca / Baix Cinca	TC022211201
Aragón - Cinca Medio - Cinca Medio	TC022215801
Aragón - Jacetania - Jacetania	TC022213001
Aragón - Ribagorza - Ribagorza	TC022211701
Aragón - Sabiñánigo - Sabiñánigo	TM022219901
Aragón - Barbastro - Barbastro	TM022204801
Aragón - Alcañiz - Alcañiz	TM024401301
Aragón - Andorra - Andorra	TM024402501
Aragón - Gúdar-Javalambre - Gúdar-Javalambre	TC024415801
Aragón - Jiloca - Jiloca	TC024405001
Aragón - Teruel - Teruel	TM024421601
Aragón - Calatayud - Calatayud	TC025006701
Aragón - Bajo Aragón-Caspe - Caspe y comarca	TC025007401
Aragón - Cinco Villas - Cinco Villas	TC025009501
Aragón - La Puebla de Alfindén - La Puebla de Alfindén	TM025021901
Aragón - Pedrola - Pedrola	TM025020401
Aragón - Tarazona - Tarazona	TM025025101
Aragón - Tarazona y Moncayo - Tarazona y Moncayo	TC025025101
Aragón - Utebo - Utebo	TM025027201
Aragón - Valdejalón - Valdejalón	TC025002501
Aragón - Zaragoza - Zaragoza	TM025029701
Aragón - Zaragoza - Barrios del Sur de Zaragoza	TB025029701
Aragón - Zaragoza - Casco Histórico de Zaragoza	TB025029702
Aragón - Zaragoza - Casetas	TB025029703
Aragón - Zaragoza - Distrito Universidad de Zaragoza	TB025029704
Aragón - Zaragoza - Margen Izquierda de Zaragoza	TB025029705
Aragón - Zaragoza - Miralbueno	TB025029706
Aragón - Zaragoza - Torrero-La Paz	TB025029707
Aragón - Zaragoza - Zaragoza Oeste	TB025029708
Asturias - Cangas del Narcea - Círculo Cangas del Narcea	TM033301101
Asturias - Cangues d'Onís - Círculo Cangues d'Onís	TM033301201
Asturias - Castrillón - Círculo Castrillón	TM033301601
Asturias - Cuideiru - Círculo Cuideiru	TM033302101
Asturias - Llangréu - Círculo Llangréu	TM033303101
Asturias - Llaviana - Círculo Llaviana	TM033303201
Asturias - Navia-Coaña - Círculo Navia-Coaña	TC033300001
Asturias - Parres - Círculo Parres	TM033304501
Asturias - Pravia - Círculo Pravia	TM033305101
Asturias - Siero - Círculo Siero	TM033306601
Asturias - Uviéu - Círculo Uviéu/Oviedo Oeste	TB033304401
Asturias - Uviéu - Círculo Otero	TB033304402
Asturias - Uviéu - Círculo Uviéu	TM033304403
Asturias - Villaviciosa - Círculo Villaviciosa	TM033307601
Asturias - Xixón - Círculo Xixón	TM033302401
Illes Balears - Son Servera - Círculo Son Servera	TM040706201
Illes Balears - Sóller - Círculo Sóller	TM040706101
Illes Balears - Pollença - Círculo Pollença	TM040704201
Illes Balears - Palma - Palma Aragón	TB040704003
Illes Balears - Bunyola - Círculo Bunyola	TM040701001
Illes Balears - Binissalem - Círculo Binissalem	TM040700801
Illes Balears - Manacor - Círculo Manacor	TM040703301
Illes Balears - Santa Eulalia del Río - Santa Eularia	TM040705401
Illes Balears - Palma - Palma Arxiduc	TB040704001
Illes Balears - Llucmajor - Círculo Llucmajor	TM040703101
Illes Balears - Maó - Círculo Maó	TM040703201
Illes Balears - Llubí - Círculo Llubí	TM040703001
Illes Balears - Marratxí - Círculo Marratxí	TM040703601
Illes Balears - Palma - Palma Centre	TB040704002
Illes Balears - Santa María - Círculo Santa María	TM040705601
Illes Balears - Palma - Círculo Ponent	TB040704004
Illes Balears - Calvià - Círculo Calvià	TM040701101
Illes Balears - Eivissa - Circulo Vila Eivissa	TM040702601
Illes Balears - Sant Antoni de Portmany - Circulo Sant Antoni	TM040704601
Illes Balears - Ciutadella de Menorca - Círculo Ciutadella	TM040701501
Illes Balears - Sant Lluís - Círculo Sant Lluís	TM040705201
Illes Balears - Sineu - Circulo Sineu	TM040706001
Illes Balears - Alcudia - Círculo Alcudia	TM040700301
Illes Balears - Lluseta - Círculo Lloseta	TM040702901
Canarias - Agüimes - Círculo Podemos Agüimes	TM0535202
Canarias - Antigua - Círculo Podemos Antigua	TM0535103
Canarias - Arrecife - Círculo Podemos Arrecife	TM0535304
Canarias - Arucas - Círculo Podemos Arucas	TM0535206
Canarias - Gáldar - Círculo Podemos Gáldar	TM0535209
Canarias - Ingenio - Círculo Podemos Ingenio	TM0535211
Canarias - Pájara - Círculo Podemos Pájara	TM0535115
Canarias - Palmas de Gran Canaria, Las - Círculo Podemos Las Palmas de Gran Canaria	TM0535216
Canarias - Puerto del Rosario - Círculo Podemos Puerto del Rosario	TM0535117
Canarias - San Bartolomé - Círculo Podemos San Bartolomé	TM0535318
Canarias - San Bartolomé de Tirajana - Círculo Podemos San Bartolomé de Tirajana	TM0535219
Canarias - Santa Brígida - Círculo Podemos Santa Brígida	TM0535221
Canarias - Santa Lucía de Tirajana - Círculo Podemos Santa Lucía de Tirajana	TM0535222
Canarias - Telde - Círculo Podemos Telde	TM0535226
Canarias - Teror - Círculo Podemos Teror	TM0535227
Canarias - Tías - Círculo Podemos Tías	TM0535128
Canarias - Adeje - Círculo Podemos Adeje	TM0538401
Canarias - Arona - Círculo Podemos Arona	TM0538406
Canarias - Buenavista del Norte - Círculo Podemos Buenavista del Norte	TM0538410
Canarias - Granadilla de Abona - Círculo Podemos Granadilla de Abona	TM0538417
Canarias - Icod de los Vinos - Círculo Podemos Icod de los Vinos	TM0538422
Canarias - Orotava, La - Círculo Podemos La Orotava	TM0538426
Canarias - Puerto de la Cruz - Círculo Podemos Puerto de la Cruz	TM0538428
Canarias - Realejo, El - Círculo Podemos El Realejo	TM0538431
Canarias - Rosario, El - Círculo Podemos El Rosario	TM0538432
Canarias - San Cristóbal de La Laguna - Círculo Podemos La Laguna	TM0538423
Canarias - San Cristóbal de La Laguna - Círculo Podemos Taco	TB0538423
Canarias - San Miguel de Abona - Círculo Podemos San Miguel de Abona	TM0538435
Canarias - Santa Cruz de Tenerife - Círculo Podemos Santa Cruz de Tenerife	TM0538438
Canarias - Silos, Los - Círculo Podemos Los Silos	TM0538442
Canarias - Tegueste - Círculo Podemos Tegueste	TM0538446
Canarias - Valverde-Frontera-El Pinar - Círculo Podemos Valverde-Frontera-El Pinar	TC0538248
Canarias - Valsequillo - Círculo Podemos Valsequillo	TM0535231
Canarias - Firgas - Circulo Podemos Firgas	TM0535232
Canarias - Tacoronte - Ciruclo Podemos Tacoronte	TM0538447
Cantabria - Torrelavega - Círculo Podemos Torrelavega	TM063908706
Cantabria - Reocín - Círculo Podemos Reocín	TM063906004
Cantabria - Besaya, Costa Occidental, Saja-Nansa, Liébana, Campoo-Los Valles - Círculo Podemos Cantabria Occidental	TC063908701
Cantabria - Santa Cruz de Bezana - Círculo Podemos Bezana	TM063907301
Cantabria - Santoña - Círculo Podemos Santoña	TM063907902
Cantabria - Los Corrales de Buelna - Círculo Podemos Valle de Buelna	TM063902503
Cantabria - Laredo - Círculo Podemos Laredo	TM063903505
Cantabria - Santander - Círculo Podemos Santander	TM063907507
Cantabria - Castro-Urdiales - Círculo Podemos Castro-Urdiales	TM063902008
Cantabria - Medio Cudeyo y Entrambasaguas - Circulo Podemos Medio Cudeyo-Entrambasaguas	TM063904211
Cantabria - Piélagos - Círculo Podemos Piélagos	TM063905210
Cantabria - Santa María de Cayón - Círculo Podemos Santa María de Cayón	TM063907412
Cantabria - Ruiloba - Círculo Podemos Ruiloba	TM063906813
Cantabria - Astillero - Círculo Podemos Astillero	TM063900814
Cantabria - Camargo - Círculo Podemos Camargo	TM063901615
Castilla-La Mancha - Molina de Aragón - Círculo Podemos Comarca de Molina de Aragón	TC081919000
Castilla-La Mancha - Albacete - Círculo Podemos Albacete	TM080200300
Castilla-La Mancha - Almansa - Círculo Podemos Almansa	TM080200900
Castilla-La Mancha - Madrigueras - Círculo Podemos Madrigueras	TM080204500
Castilla-La Mancha - La Roda - Círculo Podemos La Roda	TM080206900
Castilla-La Mancha - Villalgordo del Júcar - Círculo Podemos Villalgordo del Júcar	TM080207800
Castilla-La Mancha - Villarrobledo - Círculo Podemos Villarrobledo	TM080208100
Castilla-La Mancha - Alcázar de San Juan - Círculo Podemos Alcázar de San Juan	TM081300500
Castilla-La Mancha - Almagro - Círculo Podemos Almagro	TM081301300
Castilla-La Mancha - Calzada de Calatrava - Círculo Calzada de Calatrava	TM081302700
Castilla-La Mancha - Ciudad Real - Círculo Podemos Ciudad Real	TM081303400
Castilla-La Mancha - Daimiel - Círculo Podemos Daimiel	TM081303900
Castilla-La Mancha - Malagón - Círculo Podemos Malagón	TM081305200
Castilla-La Mancha - Manzanares - Círculo Podemos Manzanares	TM081305300
Castilla-La Mancha - Piedrabuena - Círculo Podemos Piedrabuena	TM081306300
Castilla-La Mancha - Puertollano - Círculo Podemos Puertollano	TM081307100
Castilla-La Mancha - Socuéllamos - Círculo Podemos Socuéllamos	TM081307800
Castilla-La Mancha - Tomelloso - Círculo Podemos Tomelloso	TM081308200
Castilla-La Mancha - Valdepeñas - Círculo Podemos Valdepeñas	TM081308700
Castilla-La Mancha - Casasimarro - Círculo Podemos Casasimarro	TM081606600
Castilla-La Mancha - Cuenca - Círculo Podemos Cuenca	TM081607800
Castilla-La Mancha - Mota del Cuervo - Círculo Podemos Mota del Cuervo	TM081613300
Castilla-La Mancha - Alovera - Círculo Podemos Alovera	TM081902400
Castilla-La Mancha - Azuqueca de Henares - Círculo Podemos Azuqueca de Henares	TM081904600
Castilla-La Mancha - Cabanillas del Campo - Círculo Podemos Cabanillas del Campo	TM081905800
Castilla-La Mancha - Guadalajara - Círculo Podemos Guadalajara	TM081913000
Castilla-La Mancha - Loranca de Tajuña - Círculo Podemos Loranca de Tajuña	TM081916000
Castilla-La Mancha - Pioz - Círculo Podemos Pioz AB (Alcarria Baja)	TM081922000
Castilla-La Mancha - Uceda - Círculo Podemos Uceda	TM081929300
Castilla-La Mancha - Yebes - Círculo Podemos Valdeluz-Yebes	TM081932600
Castilla-La Mancha - Añover de Tajo - Círculo Podemos Añover de Tajo	TM084501400
Castilla-La Mancha - Burguillos de Toledo - Círculo Podemos Burguillos de Toledo	TM084502300
Castilla-La Mancha - Camuñas - Círculo Podemos Camuñas	TM084503400
Castilla-La Mancha - Carranque - Círculo Podemos Carranque	TM084503800
Castilla-La Mancha - Casarrubios del Monte - Círculo Podemos Casarrubios-Calypo	TM084504100
Castilla-La Mancha - Chozas de Canales - Círculo Podemos Chozas de Canales	TM084505600
Castilla-La Mancha - Esquivias - Círculo Podemos Esquivias	TM084506400
Castilla-La Mancha - La Guardia - Círculo Podemos La Guardia	TM084507100
Castilla-La Mancha - Illescas - Círculo Podemos Illescas	TM084508100
Castilla-La Mancha - Lominchar - Círculo Podemos Lominchar	TM084508500
Castilla-La Mancha - Méntrida - Círculo Podemos Méntrida	TM084509900
Castilla-La Mancha - Numancia de la Sagra - Círculo Podemos Numancia de la Sagra-Azaña	TM084511900
Castilla-La Mancha - Ocaña - Círculo Podemos Ocaña	TM084512100
Castilla-La Mancha - Palomeque - Círculo Podemos Palomeque	TM084512700
Castilla-La Mancha - Quismondo - Círculo Podemos Quismondo	TM084514300
Castilla-La Mancha - Seseña - Círculo Podemos Seseña	TM084516100
Castilla-La Mancha - Sonseca - Círculo Podemos Sonseca	TM084516300
Castilla-La Mancha - Talavera de la Reina - Círculo Podemos Talavera de la Reina	TM084516500
Castilla-La Mancha - Toledo - Círculo Podemos Toledo	TM084516800
Castilla-La Mancha - Torrijos - Círculo Podemos Torrijos	TM084517300
Castilla-La Mancha - Ugena - Círculo Podemos Ugena	TM084517600
Castilla-La Mancha - Las Ventas de Retamosa - Círculo Podemos Las Ventas de Retamosa	TM084518300
Castilla-La Mancha - El Viso de San Juan - Círculo Podemos El Viso de San Juan	TM084519900
Castilla-La Mancha - Yuncos - Círculo Podemos Yuncos	TM084520500
Castilla y León - Miranda de Ebro - Círculo Podemos Miranda de Ebro	TM070921901
Castilla y León - Ribera del Torío - Círculo Podemos Ribera del Torío	TM072409802
Castilla y León - Riaza - Círculo Podemos Riaza	TM074017003
Castilla y León - Palencia - Círculo Podemos Palencia	TM073412004
Castilla y León - Villaquilambre - Círculo Podemos Villaquilambre	TM072422205
Castilla y León - Laguna de Duero - Círculo Podemos Laguna de Duero	TM074707606
Castilla y León - Medina de Pomar - Círculo Podemos Medina de Pomar	TM070920907
Castilla y León - León - Círculo Podemos León	TM072408908
Castilla y León - Laciana - Círculo Podemos Laciana	TC072420209
Castilla y León - La Bañeza - Círculo Podemos La Bañeza	TM072401010
Castilla y León - Santa Marta de Tormes - Círculo Podemos Santa Marta de Tormes	TM073729411
Castilla y León - Briviesca - Círculo Podemos Miranda Briviesca	TM070905612
Castilla y León - Ciudad Rodrigo - Círculo Podemos Ciudad Rodrigo	TC073710713
Castilla y León - Zamora - Círculo Podemos Zamora Centro	TM074927514
Castilla y León - Valladolid - Círculo Podemos Valladolid	TM074718615
Castilla y León - Sanabria - Círculo Podemos Sanabria	TM074914316
Castilla y León - Valle del Tiétar - Círculo Podemos Valle del Tiétar	TC070522717
Castilla y León - El Espinar - Círculo Podemos El Espinar	TM074007618
Castilla y León - Cabrerizos - Círculo Podemos Cabrerizos	TM073706719
Castilla y León - Arenas de San Pedro - Círculo Podemos Arenas de San Pedro	TM070501420
Castilla y León - Ávila - Círculo Podemos Ávila	TM070501921
Castilla y León - La Cepeda - Círculo Podemos La Cepeda	TM072409822
Castilla y León - Carracedelo - Círculo Podemos Carracedelo	TM072403823
Castilla y León - Burgos - Círculo Podemos Burgos	TM070905924
Castilla y León - La Alberca - Círculo Podemos Sierra de Francia	TC073701025
Castilla y León - Cantalejo - Círculo Podemos Cantalejo	TM074004026
Castilla y León - Salamanca - Círculo Podemos Salamanca	TM073727427
Castilla y León - Villasana de Mena - Círculo Podemos Valle de Mena	TM070941029
Castilla y León - Segovia - Círculo Podemos Segovia	TM074019430
Castilla y León - Béjar - Círculo Podemos Béjar y Comarca	TC073704631
Castilla y León - Soria - Círculo Podemos Soria	TM074217332
Castilla y León - Aranda de Duero - Círculo Podemos Aranda de Duero y Comarca	TC070901833
Castilla y León - Cacabelos - Círculo Podemos Cacabelos	TM072403034
Castilla y León - Venta de Baños - Círculo Podemos Venta de Baños	TM073402335
Castilla y León - San Andrés de Rabanedo - Círculo Podemos San Andrés de Rabanedo	TM072414236
Castilla y León - Ponferrada - Círculo Podemos Ponferrada	TM072411537
Castilla y León - Alar, Herrera, Osorno - Círculo Podemos Canal de Castilla Norte	TC073412338
Castilla y León - Valverde de la Virgen - Círculo Podemos Valverde de la Virgen	TM072439139
Castilla y León - Matallana de Torío - Círculo Podemos Matallana de Torío	TM072409840
Castilla y León - Toro - Círculo Podemos Comarca de Toro	TC074921941
Castilla y León - Gredos, Barco, Piedrahita - Círculo Gredos, Barco, Piedrahita	TC070560042
Castilla y León - Olvega-Moncayo - Círculo Podemos Moncayo	TC074211043
Castilla y León - Aguilar de Campoo - Círculo Podemos Aguilar de Campoo	TM073480044
Castilla y León - Arroyo de la Encomienda - Círculo Podemos Arroyo de la Encomienda	TM074701045
Catalunya - Barcelona - Cercle Podem Sant Martí Districte Bcn	TB090801901
Catalunya - Barcelona - Cercle Podem Poble Sec Sant Antoni Districte Bcn	TB090801903
Catalunya - Barcelona - Cercle Podem Sant Andreu Districe Bcn	TB090801904
Catalunya - Barcelona - Cercle Podem Horta-Guinardó Districte Bcn	TB090801905
Catalunya - Barcelona - Cercle Podem Les Corts Districte Bcn	TB090801906
Catalunya - Barcelona - Cercle Podem Sarrià - Sant Gervasi Districte Bcn	TB090801907
Catalunya - Barcelona - Cercle Podem Gràcia Districte Bcn	TB090801909
Catalunya - Barcelona - Cercle Podem Nou Barris Districte Bcn	TB090801910
Catalunya - Barcelona - Cercle Podem Eixample Districte Barcelona	TB090801911
Catalunya - Barcelona - Cercle Podem Barcelona districte Ciutat Vella	TB090801913
Catalunya - Sabadell - Cercle Podem La Concordia - Sabadell	TB090818712
Catalunya - Sabadell - Cercle Podem Sabadell - Decano	TB090818715
Catalunya - Barcelona - Cercle Podem Sants de Barcelona	TB090901914
Catalunya - Tarragona - Cercle Podem Tarragona Centre	TB094314802
Catalunya - Tarragona - Cercle Podem Tarragona Barris Ponent	TB094314808
Catalunya - Berguedà - Cercle Podem Berguedà	TC090802201
Catalunya - Pla d'Urgell - Cercle Podem El Pla d'Urgell	TC092513703
Catalunya - Ribagorça - Cercle Podem Ribagorça	TC092517302
Catalunya - Vielha - Cercle Podem Aran	TC092524304
Catalunya - Altafulla - Cercle Podem Altafulla	TC094301292
Catalunya - Ametlla del Vallès - Cercle Podem Ametlla del Vallès	TM090800580
Catalunya - Arenys de Mar - Cercle Podem Arenys de Mar	TM090800679
Catalunya - Badalona - Cercle Podem Badalona	TM090801502
Catalunya - Cabrera d'Anoia - Cercle Podem Cabrera d'Anoia	TM090802893
Catalunya - Calella - Cercle Podem Calella	TM090803504
Catalunya - Canet de Mar - Cercle Podem Canet de Mar	TM090804075
Catalunya - Canovelles - Cercle Podem Canovelles	TM0908041104
Catalunya - Canyelles - Cercle Podem Canyelles	TM0908043103
Catalunya - Cardedeu - Cercle Podem Cardedeu	TM090804605
Catalunya - Castellbisbal - Cercle Podem Castellbisbal	TM090805406
Catalunya - Castelldefels - Cercle Podem Castelldefels	TM090805674
Catalunya - Cervelló - Cercle Podem Cervellò	TM090806807
Catalunya - Cornellà de Llobregat - Cercle Podem Cornellà de Llobregat	TM090807308
Catalunya - Cubelles - Cercle Podem Cubelles	TM090807409
Catalunya - Esparreguera - Cercle Podem Esparreguera	TM090807669
Catalunya - Esplugues de Llobregat - Cercle Podem Esplugues de Llobregat	TM090807711
Catalunya - Les Franqueses del Vallès - Cercle Podem Les Franqueses del Vallès	TM090808666
Catalunya - Gavà - Cercle Podem Gavà	TM0908089100
Catalunya - Granollers - Cercle Podem Granollers	TM090809612
Catalunya - Sant Salvador de Guardiola - Cercle Podem Sant Salvador de Guadiola	TM090809830
Catalunya - L'Hospitalet de Llobregat - Cercle Podem L'Hospitalet de Llobregat	TM090810113
Catalunya - Igualada - Cercle Podem Igualada	TM090810268
Catalunya - La Llagosta - Cercle Podem La Llagosta	TM090810567
Catalunya - Lliçà d'Amunt - Cercle Podem Lliçà d'Amunt	TM090810714
Catalunya - Lliça de Vall - Cercle Podem Lliça de Vall	TM090810865
Catalunya - Malgrat de Mar - Cercle Podem Malgrat de Mar	TM090811064
Catalunya - Manlleu - Cercle Podem Manlleu	TM090811263
Catalunya - Manresa - Cercle Podem Manresa	TM090811301
Catalunya - Martorell - Cercle Podem Martorell	TM090811415
Catalunya - Mataró - Cercle Podem Mataró	TM090812116
Catalunya - Molins - Cercle Podem Molins de Rei	TM090812362
Catalunya - Mollet del Vallès - Cercle Podem Mollet del Vallès	TM090812461
Catalunya - Montcada i Reixac - Cercle Podem Montcada i Reixac	TM0908125110
Catalunya - Montgat - Cercle Podem Montgat	TM090812617
Catalunya - Olesa de Montserrat - Cercle Podem Olesa de Montserrat	TM090814718
Catalunya - Palafolls - Cercle Podem Palafolls	TM090815560
Catalunya - Palau-solità i Plegamans - Cercle Podem Palau-solità i Plegamans	TM090815659
Catalunya - Parets dels Vallès - Cercle Podem Parets dels Vallès	TM090815919
Catalunya - Pineda de Mar - Cercle Podem Pineda de Mar	TM090816357
Catalunya - Polinyà - Cercle Podem Polinyà	TM090816756
Catalunya - El Prat de Llobregat - Cercle Podem El Prat de Llobregat	TM090816910
Catalunya - Premià de Mar - Cercle Podem Premià de Mar	TM090817294
Catalunya - Ripollet - Cercle Podem Ripollet	TM090818055
Catalunya - El Pont de Vilomara i Rocafort - Cercle Podem El Pont de Vilomara i Rocafort	TM090818270
Catalunya - Rubí - Cercle Podem Rubí	TM090818422
Catalunya - Sant Adrià del Besòs - Cercle Podem Sant Adrià del Besòs	TM090819495
Catalunya - Sant Andreu de la Barca - Cercle Podem Sant Andreu de la Barca	TM090819623
Catalunya - Sant Boi de Llobregat - Cercle Podem Sant Boi de Llobregat	TM090820024
Catalunya - Sant Cugat del Vallés - Cercle Podem Sant Cugat del Vallés	TM090820525
Catalunya - Sant Esteve de Sesrovires - Cercle Podem Sant Esteve Sesrovires	TM090820826
Catalunya - Sant Fost de Campsentelles - Cercle Podem Sant Fost de Campsentelles	TM090820928
Catalunya - Sant Feliu de Llobregat - Cercle Podem Sant Feliu de Llobregat	TM090821127
Catalunya - Sant Joan Despí - Cercle Podem Sant Joan Despí	TM090821753
Catalunya - Sant Joan de Vilatorrada - Cercle Podem Sant Joan de Vilatorrada	TM090821854
Catalunya - Vilassar de Mar - Cercle Podem Vilassar de Mar	TM090821937
Catalunya - Sant Just Desvern - Cercle Podem Sant Just Desvern	TM090822129
Catalunya - Sant Pere de Ribes - Cercle Ribes-Les Roquetes	TM090823121
Catalunya - Santa Coloma de Gramenet - Cercle Podem Santa Coloma de Gramenet	TM090824520
Catalunya - Barberà del Vallès - Cercle Podem Barberà del Vallès	TM090825203
Catalunya - Santa Perpetua de Mogoda - Cercle Podem Santa Perpetua de Mogoda	TM090826052
Catalunya - Sant Vicenç dels Horts - Cercle Podem Sant Vicenç dels Horts	TM0908263107
Catalunya - Cerdanyola del Vallès - Cercle Podem Cerdanyola del Vallès	TM090826673
Catalunya - Sentmenat - Cercle Podem Sentmenat	TM090826799
Catalunya - Sitges - Cercle Podem Sitges	TM090827091
Catalunya - Terrassa - Cercle Podem Terrassa	TM090827951
Catalunya - Tiana - Cercle Podem Tiana	TM090828250
Catalunya - Tordera - Cercle Podem Tordera	TM090828431
Catalunya - Vallirana - Cercle Podem Vallirana	TM090829532
Catalunya - Viladecans - Cercle Podem Viladecans	TM090830133
Catalunya - Vilanova del Camí - Cercle Podem Vilanova del Camí	TM090830235
Catalunya - Vilafranca del Penedès - Cercle Podem Vilafranca del Penedès	TM090830534
Catalunya - Vilanova i la Geltrú - Cercle Podem Vilanova i la Geltrú	TM090830736
Catalunya - Badia del Vallès - Cercle Podem Badia del Vallès	TM090890478
Catalunya - Blanes - Cercle Podem Blanes	TM091702390
Catalunya - Figueres - Cercle Podem Figueres	TM091706689
Catalunya - Girona - Cercle Podem Girona	TM091707938
Catalunya - Lloret de Mar - Cercle Podem Lloret de Mar	TM091709539
Catalunya - Riells i Viabrea - Cercle Podem Riells i Viabrea	TM091714698
Catalunya - Roses - Cercle Podem Roses	TM0917152106
Catalunya - Sils - Cercle Podem Sils	TM091719340
Catalunya - Lleida - Cercle Podem Ciutat de Lleida	TM092512088
Catalunya - Tàrrega - Cercle Podem Tàrrega	TM092521741
Catalunya - Alcanar - Cercle Podem Alcanar	TM094300483
Catalunya - Alforja - Cercle Podem Alforja	TM094300996
Catalunya - Amposta - Cercle Podem Amposta	TM094301484
Catalunya - La Bisbal del Panadés - Cercle Podem La Bisbal del Penedès	TM094302843
Catalunya - Calafell - Cercle Podem Calafell	TM094303744
Catalunya - Cunit - Cercle Podem Cunit	TM0943051108
Catalunya - Montroig - Cercle Podem Miami Platja - Mont-roig del Camp	TM094309281
Catalunya - Reus - Cercle Podem Reus	TM094312346
Catalunya - Riba-Roja d'Ebre - Cercle Podem Riba-Roja d'Ebre	TM094312586
Catalunya - Roda de Bera - Cercle Podem Roda de Bera	TM0943131109
Catalunya - Sant Carles de la Ràpita - Cercle Podem La Ràpita	TM094313685
Catalunya - La Selva del Camp - Cercle Podem La Selva del Camp	TM094314582
Catalunya - Torredembarra - Cercle Podem Torredembarra	TM0943153102
Catalunya - Tortosa - Cercle Podem Tortosa	TM0943155105
Catalunya - Valls - Cercle Podem Valls	TM0943161101
Catalunya - El Vendrell - Cercle Podem El Vendrell	TM094316342
Catalunya - Deltebre - Cercle Podem Deltebre	TM094390197
Catalunya - Aldea, L' - Cercle Podem L'Aldea	TM094390447
Catalunya - Salou - Cercle Podem Salou	TM094390545
Catalunya - Tarragona - Cercle Podem Tarragona Sant Pere I Sant Pau	TB094314816
Catalunya - Castellar del Vallès - Cercle Podem Castellar del Vallès	TM0908051111
Catalunya - Montornés del Vallès - Cercle Podem Montornés del Vallès	TM0908136113
Catalunya - La Bisbal d'Empordà - Cercle Podem La Bisbal d'Empordà	TM091702200
Comunitat Valenciana - Alicante - Círculo Podemos Alicante Partidas Rurales	TB100301403
Comunitat Valenciana - Alicante - Podemos Playas Alicante	TB100301401
Comunitat Valenciana - Alicante - Podemos Alicante Norte	TB100301402
Comunitat Valenciana - Alicante - Podemos Pla-Carolinas	TB100301405
Comunitat Valenciana - Alicante - Círculo Podemos Alicante Oeste	TB100301404
Comunitat Valenciana - Alicante - Círculo Podemos Alicante Benacantil	TB100301406
Comunitat Valenciana - Alicante - Círculo Lucentum (San Blas-Centro)	TB100301407
Comunitat Valenciana - Elche - Círculo de Altabix	TB100306501
Comunitat Valenciana - Elche - Círculo San Antón	TB100306502
Comunitat Valenciana - Elche - Círculo Centro Podem Elx	TB100306503
Comunitat Valenciana - Elche - Círculo Podemos La Marina Elche	TB100306504
Comunitat Valenciana - Valencia - Podem Extramurs	TB104625006
Comunitat Valenciana - Valencia - Monteolivete con Podemos	TB104625003
Comunitat Valenciana - Valencia - Podem Benimaclet	TB104625005
Comunitat Valenciana - Valencia - Podem Algirós	TB104625001
Comunitat Valenciana - Valencia - Podem Russafa	TB104625004
Comunitat Valenciana - Valencia - Podem La Malva-Rosa	TB104625002
Comunitat Valenciana - Valencia - Podemos Patraix	TB104625007
Comunitat Valenciana - Valencia - Podemos Olivereta	TB104625008
Comunitat Valenciana - Valencia - Podem Orriols-Torrefiel	TB104625009
Comunitat Valenciana - Valencia - Podemos Zaidia	TB104625010
Comunitat Valenciana - Valencia - Podem Benicalap-Campanar	TB104625011
Comunitat Valenciana - Valencia - Círculo Podem Malilla	TB104625012
Comunitat Valenciana - Valencia - Podemos Benimamet	TB104625009
Comunitat Valenciana - Valencia - Podemos Ciutat Vella	TB104625013
Comunitat Valenciana - Comarca Utiel-Requena - Círculo Comarcal Utiel-Requena	TC1046213
Comunitat Valenciana - Alaquàs - Podem Alaquàs	TM1046005
Comunitat Valenciana - Albaida - Podemos Albaida	TM1046006
Comunitat Valenciana - Albal - Podem Albal	TM1046007
Comunitat Valenciana - Alberic - Podemos Alberic	TM1046011
Comunitat Valenciana - Alboraya - Podemos Alboraya	TM1046013
Comunitat Valenciana - Alcasser - Podem Alcasser	TM1046015
Comunitat Valenciana - Alcoy - Podem Alcoy	TM1003009
Comunitat Valenciana - Aldaia - Círculo Podem Aldaia	TM1046021
Comunitat Valenciana - Algemesí - Podemos Algemesí	TM1046029
Comunitat Valenciana - Alginet - Círculo Alginet	TM1046031
Comunitat Valenciana - Almàssera - Podemos Almàssera	TM1046032
Comunitat Valenciana - Almussafes - Círculo Almussafes	TM1046035
Comunitat Valenciana - Altea - Círculo Podemos Altea	TM1003018
Comunitat Valenciana - Aspe - Podemos Aspe	TM1003019
Comunitat Valenciana - Beniarjó - Podem Beniarjó	TM1046055
Comunitat Valenciana - Benicarló - Círculo Podemos Benicarló	TM1012027
Comunitat Valenciana - Benidorm - Podemos Benidorm	TM1003031
Comunitat Valenciana - Benissa - Podemos Benissa	TM1003041
Comunitat Valenciana - Benissanó - Podem Benissanó	TM1046067
Comunitat Valenciana - Bétera - Podem Bétera	TM1046070
Comunitat Valenciana - Borriana - Podemos Borriana	TM1012032
Comunitat Valenciana - Buñol - Podemos Buñol	TM1046077
Comunitat Valenciana - Burjassot - Círculo Podemos Burjassot	TM1046078
Comunitat Valenciana - Callosa de Segura - Círculo Podemos Callosa de Segura	TM1003049
Comunitat Valenciana - Calp - Podemos Calp	TM1003047
Comunitat Valenciana - Castellón de la Plana - Podemos Castellón	TM1012040
Comunitat Valenciana - Catarroja - Podemos Catarroja	TM1046094
Comunitat Valenciana - Caudiel - Círculo Podemos Caudiel	TM1012043
Comunitat Valenciana - Cheste - Círculo Podem Cheste	TM1046109
Comunitat Valenciana - Cocentaina - Podem Cocentaina	TM100356
Comunitat Valenciana - Crevillente - Podemos Crevillente	TM1003059
Comunitat Valenciana - Cullera - Podem Cullera	TM1046105
Comunitat Valenciana - Denia - Círculo Podemos Denia	TM1003063
Comunitat Valenciana - El Campello - Círculo Podemos El Campello	TM1003050
Comunitat Valenciana - El Puig - Podem El Puig	TM1046204
Comunitat Valenciana - Elda - Podemos Elda	TM1003066
Comunitat Valenciana - Finestrat - Podemos Finestrat	TM1003069
Comunitat Valenciana - Sant Joan d'Alacant - Círculo Sant Joan	TM1003119
Comunitat Valenciana - Foios - Podem Foios	TM1046126
Comunitat Valenciana - Gandía - Círculo Podemos Gandía	TM1046131
Comunitat Valenciana - Gata de Gorgos - Podem Gata	TM1003071
Comunitat Valenciana - Godella - Círculo Podem Godella	TM1046135
Comunitat Valenciana - Godelleta - Círculo Podemos Godelleta	TM1046136
Comunitat Valenciana - Guardamar del Segura - Podemos Guardamar del Segura	TM1003076
Comunitat Valenciana - Ibi - Podemos Ibi	TM1003079
Comunitat Valenciana - L'Alcora - Podem L'Alcora	TM1012005
Comunitat Valenciana - l'Alfàs del Pi - Podemos Alfàs	TM1003011
Comunitat Valenciana - La Nucia - Podemos la Nucia	TM1003094
Comunitat Valenciana - La Pobla de Vallbona - Círculo La Pobla de Vallbona	TM1046202
Comunitat Valenciana - La Vall d'Uixó - Círculo Podemos La Vall d'Uixó	TM1012126
Comunitat Valenciana - La Vila Joiosa - Círculo Podem La Vila Joiosa	TM1003139
Comunitat Valenciana - La Vilavella - Círculo Podem La Vilavella	TM1012136
Comunitat Valenciana - Llaurí - Círculo Podemos Llaurí	TM1046155
Comunitat Valenciana - Lliria - Podem Lliria	TM1046147
Comunitat Valenciana - Manises - Círculo Podemos Manises	TM1046159
Comunitat Valenciana - Massalfasar - Podem Massalfasar	TM1046163
Comunitat Valenciana - Massamagrell - Podem Massamagrell	TM1046164
Comunitat Valenciana - Massanasa - Podemos Massanasa	TM1046165
Comunitat Valenciana - Meliana - Podemos Meliana	TM1046166
Comunitat Valenciana - Mislata - Círculo Podem Mislata	TM1046169
Comunitat Valenciana - Moncofa - Podem Moncofa	TM1012077
Comunitat Valenciana - Montcada - Podem Montcada	TM1046171
Comunitat Valenciana - Museros - Podem Museros	TM1046177
Comunitat Valenciana - Mutxamel - Círculo Podemos Mutxamel	TM1003090
Comunitat Valenciana - Náquera - Podemos Náquera	TM1046178
Comunitat Valenciana - Nules - Círculo Podemos Nules	TM1012082
Comunitat Valenciana - Onda - Podemos Onda	TM1012084
Comunitat Valenciana - Onil - Podemos Onil	TM1003096
Comunitat Valenciana - Ontinyent - Podem Ontinyent	TM1046184
Comunitat Valenciana - Paterna - Podemos Paterna	TM1046190
Comunitat Valenciana - Petrer - Círculo Podem Petrer	TM1003104
Comunitat Valenciana - Pilar de la Horadada - Círculo Podemos Pilar de la Horadada	TM100390200
Comunitat Valenciana - Puçol - Podem Puçol	TM1046205
Comunitat Valenciana - Quart de Poblet - Podemos Quart de Poblet	TM1046102
Comunitat Valenciana - Riba-Roja - Podem Riba-Roja	TM1046214
Comunitat Valenciana - Rocafort - Podem Rocafort	TM1046216
Comunitat Valenciana - Sagunto - Podem Morvedre	TM1046220
Comunitat Valenciana - San Antonio de Benageber - Círculo Podemos San Antonio de Benagéber	TM1046903
Comunitat Valenciana - San Vicente del Raspeig - Podemos San Vicente	TM1003122
Comunitat Valenciana - Silla - Podemos Silla	TM1046230
Comunitat Valenciana - Sollana - Podem Sollana	TM1046233
Comunitat Valenciana - Sueca - Podem Sueca	TM1046235
Comunitat Valenciana - Tavernes Blanques - Podemos Tabernes Blanques	TM1046237
Comunitat Valenciana - Torrent - Círculo Podemos Torrent	TM1046244
Comunitat Valenciana - Torrevieja - Podemos Torrevieja	TM1003133
Comunitat Valenciana - Vila-Real - Podem Vilareal	TM1012135
Comunitat Valenciana - Villamarxant - Podemos Villamarxant	TM1046256
Comunitat Valenciana - Villar del Arzobispo - Círculo Villar del Arzobispo	TM1046258
Comunitat Valenciana - Villena - Círculo Podemos Villena	TM1003140
Comunitat Valenciana - Xàbia - Podemos Xàbia	TM1003082
Comunitat Valenciana - Xàtiva - Círculo Podemos Xàtiva	TM1046145
Comunitat Valenciana - Xirivella - Círculo Podem Xirivella	TM1046110
Comunitat Valenciana - Orihuela - Podemos Orihuela	TM1003099
Comunitat Valenciana - Vinarós - Podemos Vinarós	TM1012138
Comunitat Valenciana - Paiporta  - Podemos Paiporta	TM1046186
Comunitat Valenciana - Monovar - Podemos Monover	TM1003089
Comunitat Valenciana - Alcasser - Círculo Podemos Alcasser	TM1046015
Comunitat Valenciana - Picassent - Círculo Podemos Picassent	TM1046194
Comunitat Valenciana - Alzira - Círculo Podemos Alzira	TM1046017
Comunitat Valenciana - Silla - Podemos Silla	TM1046230
Comunitat Valenciana - Villar del Arzobispo - Círculo Villar del Arzobispo	TM1046258
Comunitat Valenciana - Almussafes - Círculo Almussafes	TM1046035
Comunitat Valenciana - Massanasa - Podemos Massanasa	TM1046165
Comunitat Valenciana - Orihuela - Podemos Orihuela	TM1003099
Comunitat Valenciana - Vinarós - Podemos Vinarós	TM1012138
Comunitat Valenciana - Valencia - Podemos Benimamet	TB10462509
Comunitat Valenciana - Benicarló - Círculo Podemos Benicarló	TM1012027
Comunitat Valenciana - Alcasser - Círculo Podemos Alcàsser	TM1046015
Euskadi - Basauri - Basauri	TM164801501
Euskadi - Arrasate - Arrasate	TM162005502
Euskadi - Hernani - Hernani	TM162004003
Euskadi - Erandio - Erandio	TM164890204
Euskadi - Enkarterri/Encartaciones - Enkarterri	TC164809001
Euskadi - Abanto y Ciérvana - Abanto y Ciérvana	TM164800205
Euskadi - Amurrio - Amurrio	TM160100206
Euskadi - Andoáin - Andoáin	TM162000907
Euskadi - Vitoria-Gasteiz - Vitoria-Centro	TB160105901
Euskadi - Vitoria-Gasteiz - Vitoria-Oeste	TB160105903
Euskadi - Bilbao - Bilbao-Iparmendebalde	TB164802005
Euskadi - Bilbao - Bilbao-Zorrotza	TB164802006
Euskadi - Donostia - Donostia	TM162006912
Euskadi - Durango - Durangaldea	TM164802703
Euskadi - Eibar - Eibar	TM162003014
Euskadi - Elorrio - Elorrio	TM164803216
Euskadi - Galdakao - Galdakao	TM164803617
Euskadi - Getxo - Getxo	TM164804418
Euskadi - Irún - Irún	TM162004519
Euskadi - Lasarte-Oria - Lasarte-Oria	TM162090220
Euskadi - Laudio - Laudio	TM160103621
Euskadi - Leioa - Leioa	TM164805422
Euskadi - Llanada alavesa - Llanada alavesa	TC160100102
Euskadi - Mungia - Mungia	TM164806923
Euskadi - Muskiz - Muskiz	TM164807124
Euskadi - Oion - Oion	TM160104326
Euskadi - Ortuella - Ortuella	TM164808327
Euskadi - Pasaia - Pasaia	TM162006428
Euskadi - Santurtzi - Santurtzi	TM164808230
Euskadi - Sestao - Sestao	TM164808431
Euskadi - Sopela - Sopela	TM164808532
Euskadi - Zarautz - Zarautz	TM162007933
Euskadi - Amorebieta-Etxano - Zornotza	TM164800334
Euskadi - Derio - Derio-Txorierri	TM164890103
Euskadi - Bilbao - Bilbao-Bilbao centro	TB164802007
Euskadi - Bilbao - Bilbao-Ibaiondo	TB164802008
Euskadi - Portugalete - Portugalete	TM164807835
Euskadi - Trapagaran - Trapagaran	TM164808036
Euskadi - Urduliz - Urduliz	TM164808937
Euskadi - Tolosa - Tolosa	TM162007138
Euskadi - Bilbao - Bilbao-Hegoalde	TB164802009
Euskadi - Ordizia - Ordizia	TM162007601
Euskadi - Bilbao - Bilbao-Otxarkoaga y Txurdinaga	TB164802010
Euskadi - Gernika - Gernika	TM164804601
Euskadi - Güeñes - Güeñes	TM164804501
Euskadi - Villabona - Villabona	TM162007501
Euskadi - Zamudio - Zamudio	TM164890501
Extremadura - Coria - Podemos Coria	TM101006701
Extremadura - Sierra Suroeste - Sierra Suroeste	TC100605001
Extremadura - Guareña - Podemos Guareña	TM100606001
Extremadura - Mérida - Podemos Mérida	TM100608301
Extremadura - Almendralejo - Podemos Almendralejo	TM100601101
Extremadura - Badajoz - Podemos Badajoz	TM100601501
Extremadura - Montijo - Podemos Montijo Asambleario	TM100608801
Extremadura - Cañaveral - Podemos Cañaveral	TM101004501
Extremadura - Valle del Jerte - Podemos Valle del Jerte	TC101003501
Extremadura - Valle del Ambroz - Comarcal Valle del Ambroz	TC101009601
Extremadura - Piornal - Podemos Piornal	TM101014701
Extremadura - Cáceres - Podemos Cáceres	TM101003701
Extremadura - La Serena - Comarcal la Serena	TC100603601
Extremadura - Casas del Monte - Podemos Casas del Monte	TM101005501
Extremadura - Campo Arañuelo - Podemos Campo Arañuelo	TC101018001
Extremadura - Navalmoral de la Mata - Podemos Navalmoral de la Mata	TM101013101
Extremadura - Villanueva del Fresno - Podemos Villanueva del Fresno	TM100615401
Extremadura - La Vera - Comarcal de la Vera	TC101010501
Extremadura - Villuercas-Ibores-Jara - Villuercas-Ibores-Jara	TC101002901
Extremadura - Villanueva de la Serena - Villanueva de la Serena	TM100615301
Extremadura - Jerez de los Caballeros - Jerez de los Caballeros	TM100607001
Extremadura - Comarca de Trujillo - Trujillo y Pueblos	TC101019501
Extremadura - Plasencia - Plasencia	TM101014801
Galicia - Ames - Ames	TM1215002-01
Galicia - Betanzos - Betanzos	TM1215009-01
Galicia - Carballo - Carballo	TM1215019-01
Galicia - Cedeira - Cedeira	TM1215022-01
Galicia - A Coruña - A Coruña	TM1215030-01
Galicia - Ferrol - Ferrol	TM1215036-01
Galicia - Valdoviño - Valdoviño	TM1215087-01
Galicia - Lugo - Círculo Lugo	TM1227028-01
Galicia - Sarria - Sarria	TM1227057-01
Galicia - O Barco de Valdeorras - O Barco de Valdeorras	TM1232009-01
Galicia - Ribeira Sacra - Ribeira Sacra	TM1232052-01
Galicia - Ourense - Ourense	TM1232054-01
Galicia - Gondomar - Gondomar	TM1236021-01
Galicia - Marín - Marín	TM1236026-01
Galicia - Redondela - R+edondela	TM1236045-01
Galicia - Sanxenxo - Sanxenxo	TM1236051-01
Galicia - Vigo - Círculo Vigo	TM1236057-01
Galicia - Vilagarcia de Arousa - Vilagarcia de Arousa	TM1236060-01
La Rioja - Logroño - Círculo de Logroño	TM172608901
La Rioja - Nájera - Círculo de Nájera y comarca	TC172610202
La Rioja - Arnedillo, Herce, Santa Eulalia, Préjano, Enciso, Munilla - Círculo del Alto Cidacos	TC172605403
La Rioja - Santo Domingo de la Calzada, Corporales, Morales, Grañón, Gallinero de Rioja, Manzanares de Rioja, Cirueña, Hervías, Bañares, San Torcuato, Villalobar de Rioja, Herramelluri, Leiva, Tormantos, Villarta Quintana - Círculo Calceatense y comarca	TC172613804
La Rioja - Albelda, Villamediana, Alberite - Círculo Bajo Iregua	TC1726419705
La Rioja - Arnedo - Círculo Arnedo	TM172601802
La Rioja - Alfaro - Círculo Alfaro	TM172601100
Comunidad de Madrid - Madrid - 3B	TB132807932
Comunidad de Madrid - Alcala de Henares - Alcala de Henares	TM132800501
Comunidad de Madrid - Alcorcón - Alcorcón	TM132800701
Comunidad de Madrid - Algete - Algete	TM132800901
Comunidad de Madrid - Alpedrete - Alpedrete	TM132801001
Comunidad de Madrid - Aranjuez - Aranjuez	TM132801301
Comunidad de Madrid - Madrid - Aravaca	TB132807914
Comunidad de Madrid - Arganda del Rey - Arganda del Rey	TM132801401
Comunidad de Madrid - Madrid - Arganzuela	TB132807905
Comunidad de Madrid - Arroyomolinos - Arroyomolinos	TM132801501
Comunidad de Madrid - Madrid - Barajas	TB132807929
Comunidad de Madrid - Boalo-Cerceda-Mataelpino - Bocema	TC132802301
Comunidad de Madrid - Camarma - Camarma	TM132803201
Comunidad de Madrid - Campo Real - Campo Real	TM132803301
Comunidad de Madrid - Madrid - Canillejas - La Peineta	TB132807931
Comunidad de Madrid - Madrid - Carabanchel- Latina	TB132807930
Comunidad de Madrid - Carabaña - Carabaña	TM132803501
Comunidad de Madrid - Madrid - Centro	TB132807902
Comunidad de Madrid - Madrid - Chamartín	TB132807910
Comunidad de Madrid - Madrid - Chamberí	TB132807912
Comunidad de Madrid - Chapinería - Chapinería	TM132805101
Comunidad de Madrid - Ciempozuelos - Ciempozuelos	TM132804001
Comunidad de Madrid - Madrid - Ciudad Lineal	TB132807927
Comunidad de Madrid - Móstoles - Coímbra-Guadarrama	TB132809204
Comunidad de Madrid - Collado Mediano - Collado Mediano	TM132804601
Comunidad de Madrid - Collado Villalba - Collado Villalba	TM132804701
Comunidad de Madrid - Colmenar de Oreja - Colmenar de Oreja	TM132804301
Comunidad de Madrid - Colmenar Viejo - Colmenar Viejo	TM132804501
Comunidad de Madrid - Colmenarejo - Colmenarejo	TM132804401
Comunidad de Madrid - Madrid - Dehesa de la Villa	TB132807915
Comunidad de Madrid - El Álamo - El Álamo	TM132800401
Comunidad de Madrid - El Escorial - El Escorial	TM132805401
Comunidad de Madrid - El Molar - El Molar	TM132808601
Comunidad de Madrid - Fresnedillas de la Oliva - Fresnedillas de la Oliva	TM132805601
Comunidad de Madrid - Madrid - Fuencarral- El Pardo	TB132807913
Comunidad de Madrid - Fuenlabrada - Fuenlabrada	TM132805801
Comunidad de Madrid - Galapagar - Galapagar	TM132806101
Comunidad de Madrid - Getafe - Getafe	TM132806501
Comunidad de Madrid - Griñón - Griñón	TM132806601
Comunidad de Madrid - Guadarrama - Guadarrama	TM132806801
Comunidad de Madrid - Madrid - Guindalera- Fuente del Berro	TB132807908
Comunidad de Madrid - Madrid - Hortaleza	TB132807917
Comunidad de Madrid - Madrid - La Bombilla	TB132807916
Comunidad de Madrid - Madrid - La Cebada	TB132807904
Comunidad de Madrid - Loeches - Loeches	TM132807501
Comunidad de Madrid - Los Molinos - Los Molinos	TM132808701
Comunidad de Madrid - Lozoyuela - Lozoyuela	TM132890101
Comunidad de Madrid - Majadahonda - Majadahonda	TM132808001
Comunidad de Madrid - Madrid - Malasaña	TB132807903
Comunidad de Madrid - Manzanares El Real - Manzanares El Real	TM132808201
Comunidad de Madrid - Meco - Meco	TM132808301
Comunidad de Madrid - Moraleja de Enmedio - Moraleja de Enmedio	TM132808901
Comunidad de Madrid - Moralzarzal - Moralzarzal	TM132809001
Comunidad de Madrid - Madrid - Moratalaz	TB132807926
Comunidad de Madrid - Móstoles - Móstoles Centro	TB132809201
Comunidad de Madrid - Móstoles - Móstoles Sur-Este	TB132809202
Comunidad de Madrid - Móstoles - Móstoles Sur-Oeste	TB132809203
Comunidad de Madrid - Navalagamella - Navalagamella	TM132809501
Comunidad de Madrid - Móstoles - Norte-Universidad	TB132809206
Comunidad de Madrid - Madrid - Orcasitas	TB132807922
Comunidad de Madrid - Paracuellos del Jarama - Paracuellos de Jarama	TM132810401
Comunidad de Madrid - Parla - Parla	TM132810601
Comunidad de Madrid - Móstoles - PAU-4	TB132809205
Comunidad de Madrid - Pedrezuela - Pedrezuela	TM132810801
Comunidad de Madrid - Pinto - Pinto	TM132811301
Comunidad de Madrid - Pozuelo de Alarcón - Pozuelo de Alarcón	TM132811501
Comunidad de Madrid - Madrid - Puente de Vallecas	TB132807924
Comunidad de Madrid - Madrid - Puerta del Ángel	TB132807918
Comunidad de Madrid - Madrid - Retiro	TB132807906
Comunidad de Madrid - Madrid - Retiro Norte	TB132807907
Comunidad de Madrid - Rivas Vaciamadrid - Rivas	TM132812301
Comunidad de Madrid - San Agustín de Guadalix - San Agustín de Guadalix	TM132812901
Comunidad de Madrid - Madrid - San Fermín	TB132807921
Comunidad de Madrid - San Lorenzo del Escorial - San Lorenzo del Escorial	TB132813101
Comunidad de Madrid - San Martín de la Vega - San Martín de la Vega	TM132813201
Comunidad de Madrid - San Martín de Valdeiglesias - San Martin de Valdeiglesias	TM132813301
Comunidad de Madrid - Santa Maria de la Alameda - Santa Maria de la Alameda	TM132813501
Comunidad de Madrid - Senda de Valmores - Senda de Valmores	TC132810001
Comunidad de Madrid - Pedania Serracines - Serracines	TM132805701
Comunidad de Madrid - Sevilla la Nueva - Sevilla la Nueva	TM132814101
Comunidad de Madrid - Soto del Real - Soto del Real	TM132814401
Comunidad de Madrid - Talamanca de Jarama - Talamanca de Jarama	TM132814501
Comunidad de Madrid - Madrid - Tetuán	TB132807911
Comunidad de Madrid - Torrejón de Ardoz - Torrejon de Ardoz	TM132814801
Comunidad de Madrid - Tres Cantos - Tres Cantos	TB132890301
Comunidad de Madrid - Madrid - Usera	TB132807923
Comunidad de Madrid - Valdemorillo - Valdemorillo	TM132816001
Comunidad de Madrid - Valdemoro - Valdemoro	TM132816101
Comunidad de Madrid - Valdetorres del Jarama - Valdetorres del Jarama	TM132816401
Comunidad de Madrid - Velilla - Velilla	TM132816701
Comunidad de Madrid - Madrid - Vicálvaro	TB132807925
Comunidad de Madrid - Madrid - Villa de Vallecas	TB132807920
Comunidad de Madrid - Villaconejos - Villaconejos	TM132817001
Comunidad de Madrid - Villalbilla - Villalbilla	TM132817201
Comunidad de Madrid - Villanueva de la Cañada - Villanueva de la Cañada	TM132817601
Comunidad de Madrid - Villanueva de Perales - Villanueva de Perales	TM132817801
Comunidad de Madrid - Villanueva del Pardillo - Villanueva del Pardillo	TM132817701
Comunidad de Madrid - Villarejo de Salvanés - Villarejo de Salvanés	TM132818001
Comunidad de Madrid - Madrid - Villaverde	TB132807919
Comunidad de Madrid - Villaviciosa de Odón - Villaviciosa de Odón	TM132818101
Navarra - Altsasu/Alsasua - Círculo de Alsasua	TM153110
Navarra - Ansoáin/Antsoain - Círculo de Ansoáin	TM153116
Navarra - Barañáin - Círculo de Barañáin	TM1531901
Navarra - Berrioplano - Círculo de Berrioplano	TM1531902
Navarra - Berriozar - Círculo de Berriozar	TM1531903
Navarra - Burlada/Burlata - Círculo de Burlada	TM153160
Navarra - Corella - Círculo de Corella	TM153177
Navarra - Huarte/Uharte - Círculo de Huarte	TM1531122
Navarra - Pamplona - Círculo de Pamplona	TM1531201
Navarra - Tafalla - Círculo de Tafalla	TM1531227
Navarra - Tudela - Círculo de Tudela	TM1531232
Navarra - Villava/Atarrabia - Círculo de Villava	TM1531258
Navarra - Zizur Mayor/Zizur Nagusia - Círculo de Zizur	TM1531907
Navarra - Valle de Egüés - Círculo de Egüés	TM153186
Navarra - Orkoien - Círculo de Orkoien	TM1531906
Navarra - Noáin - Círculo de Noáin	TM153188
Región de Murcia - Águilas - Podemos Águilas	TM143000301
Región de Murcia - Alcantarilla - Podemos Alcantarilla	TM143000501
Región de Murcia - Alhama de Murcia - Podemos Alhama	TM143000801
Región de Murcia - Bullas - Podemos Bullas	TM143001201
Región de Murcia - Calasparra - Podemos Calasparra	TM143001301
Región de Murcia - Cartagena - Podemos Cartagena	TB143001601
Región de Murcia - Cartagena - Podemos Cartagena Norte	TB143001603
Región de Murcia - Cartagena - Podemos Cartagena Oeste	TB143001604
Región de Murcia - Cartagena - Círculo de La Manga	TB143001602
Región de Murcia - Cehegín - Podemos Cehegín	TM143001701
Región de Murcia - Cieza - Podemos Cieza	TM143001901
Región de Murcia - Jumilla - Podemos Jumilla	TM143002201
Región de Murcia - Las Torres de Cotillas - Podemos Las Torres de Cotillas	TM143003801
Región de Murcia - Lorca - Podemos Lorca	TM143002401
Región de Murcia - Mazarrón - Podemos Mazarrón	TM143002601
Región de Murcia - Molina de Segura - Podemos Molina	TM143004301
Región de Murcia - Moratalla - Podemos Moratalla	TM143002801
Región de Murcia - Murcia - Podemos Murcia Ciudad	TB143003001
Región de Murcia - Murcia - Podemos Murcia Huerta Este	TB143003002
Región de Murcia - Murcia - Podemos Murcia Sur	TB143003003
Región de Murcia - Murcia - Podemos La Flota Vistalegre Zaraíche	TB143003004
Región de Murcia - Murcia - Círculo Barrios RBG	TB143003005
Región de Murcia - Murcia - Podemos Rincón de Seca	TB143003006
Región de Murcia - San Javier - Círculo Podemos San Javier	TM143003501
Región de Murcia - Murcia - Podemos Murcia Costera Sur	TB143003007
Región de Murcia - Yecla - Podemos Yecla	TM143004301
Región de Murcia - Murcia - Círculo Podemos El Palmar	TB143003008
Región de Murcia - La Unión - Círculo Podemos La Unión	TM143004101
Región de Murcia - Murcia - Círculo Podemos Betito (Beniaján, San José de la Vega, Torreagüera)	TB143003009
Región de Murcia - Los Alcázares - Círculo Los Alcázares	TM143090201
Región de Murcia - Fortuna - Círculo Podemos Fortuna	TM143002001
Región de Murcia - Archena - Podemos Archena	TM143000901
Ceuta - Ceuta - Círculo Podemos Ceuta	TM185100100
"Melilla - Melilla - Círculo Podemos Melilla ""Sí se puede"""	TM195200100